t,x,y,z,qx,qy,qz,qw,gripper_width,q,dq
8.296966552734375e-05,0.307096391916275,0.00013614931958727539,0.44040876626968384,0.9999999534597249,8.869218647250748e-05,-2.1980822334560943e-05,0.0002910860486882733,0.9857525764147518,"[0.0003590271226130426, -0.7850348353385925, 0.00022626412101089954, -2.3560409545898438, -0.0003174522425979376, 1.5709686279296875, 0.785874605178833]",
0.09779810905456543,0.3070604205131531,0.00011222370812902227,0.4403700828552246,0.9999999661502706,4.406760231496399e-05,-5.78716803152194e-05,0.0002498166780279782,0.9857432482997921,"[0.00037417764542624354, -0.7849845290184021, 0.0002695936127565801, -2.356072187423706, -0.0003169089031871408, 1.5709723234176636, 0.7858688235282898]",
0.13367438316345215,0.30706658959388733,0.0001148115552496165,0.4403923451900482,0.9999999669029612,4.806136646806357e-05,-2.587069569396632e-05,0.0002514257124219582,0.9857432482997921,"[0.00038191574276424944, -0.7850139141082764, 0.00025667090085335076, -2.3560526371002197, -0.00032405246747657657, 1.5709842443466187, 0.7858788371086121]",
0.24204730987548828,0.30706748366355896,0.00011497818195493892,0.44039490818977356,0.9999999658408045,4.868190701955506e-05,-1.967918209835071e-05,0.00025604919744809217,0.9857432482997921,"[0.00038799349567852914, -0.7850031852722168, 0.00026654842076823115, -2.3560433387756348, -0.00032003025989979506, 1.5709866285324097, 0.7858819961547852]",
0.26956796646118164,0.3070647418498993,0.00011422736861277372,0.4403749108314514,0.9999999656086603,4.330614367981589e-05,-4.645757615209312e-05,0.00025445814931388807,0.9857432482997921,"[0.000389189925044775, -0.7849933505058289, 0.0002792206360027194, -2.3560521602630615, -0.00032093911431729794, 1.5709848403930664, 0.7858772277832031]",
0.3733689785003662,0.30706652998924255,0.00011019826342817396,0.4403899013996124,0.9999999668942997,4.378162810422073e-05,-2.6776416015762907e-05,0.0002521459739410319,0.9857432482997921,"[0.00038761136238463223, -0.7849998474121094, 0.00026383859221823514, -2.356050968170166, -0.0003200697246938944, 1.570987343788147, 0.7858808636665344]",
0.4779696464538574,0.3070661425590515,0.00011209105286980048,0.4403846263885498,0.9999999664214135,4.435518587952904e-05,-3.41742424407794e-05,0.0002530255135778424,0.9857432482997921,"[0.00038550194585695863, -0.7849981188774109, 0.0002658272278495133, -2.356048822402954, -0.00032409344566985965, 1.5709866285324097, 0.7858875393867493]",
0.5136852264404297,0.30706697702407837,0.00011258917220402509,0.4403875172138214,0.9999999652758889,4.426562970032591e-05,-3.012582219033156e-05,0.00025803335077837826,0.9857432482997921,"[0.000389270659070462, -0.784999668598175, 0.0002626511559356004, -2.3560500144958496, -0.0003256071649957448, 1.5709859132766724, 0.7858803272247314]",
0.6141927242279053,0.3070673644542694,0.00011210893717361614,0.4403878450393677,0.9999999659391454,4.610666173769972e-05,-2.7521420406971723e-05,0.0002554181973764303,0.9857432482997921,"[0.00038818895700387657, -0.7850020527839661, 0.0002698217867873609, -2.356045961380005, -0.0003224685206077993, 1.5709867477416992, 0.7858843803405762]",
0.681891679763794,0.3070676326751709,0.00011103876022389159,0.4403887987136841,0.999999966306862,4.3322629211834934e-05,-2.8894813837533234e-05,0.0002543118445473587,0.9857432482997921,"[0.0003876117698382586, -0.7850027084350586, 0.00026607568725012243, -2.356046438217163, -0.0003217122866772115, 1.5709881782531738, 0.7858827710151672]",
0.782397985458374,0.3070666193962097,0.00011204523616470397,0.44038519263267517,0.9999999661994358,3.9381049956238e-05,-3.156674653042148e-05,0.00025505646596317395,0.9857432482997921,"[0.0003854809910990298, -0.7849979400634766, 0.00026194765814580023, -2.3560471534729004, -0.00032566426671110094, 1.5709866285324097, 0.7858781218528748]",
0.8894131183624268,0.307066410779953,0.00011420784721849486,0.440386563539505,0.9999999657641897,4.8666680254751845e-05,-3.034432558277689e-05,0.0002553084322440713,0.6425067782535352,"[0.00038591091288253665, -0.7850002646446228, 0.0002658598532434553, -2.356046199798584, -0.0003232260642107576, 1.570986270904541, 0.7858788967132568]",
0.9336228370666504,0.30706676840782166,0.00011178101703990251,0.4403858482837677,0.9999999658451649,4.246861544317785e-05,-3.2660377542303534e-05,0.00025581122999888,0.6425067782535352,"[0.00038749081431888044, -0.784998893737793, 0.00026374656590633094, -2.356048583984375, -0.00032334396382793784, 1.5709882974624634, 0.7858858704566956]",
1.0340323448181152,0.3070667088031769,0.00011430575250415131,0.44038721919059753,0.9999999660488263,4.4336506660148485e-05,-3.068618828748755e-05,0.00025494112745390947,0.6425067782535352,"[0.00039056793320924044, -0.7850025296211243, 0.00026680948212742805, -2.356048107147217, -0.00032246860791929066, 1.5709869861602783, 0.7858806848526001]",
1.079721450805664,0.3070659339427948,0.0001120445886044763,0.4403875470161438,0.9999999661079751,4.3338190658415126e-05,-2.9267215540497894e-05,0.0002550476038241484,0.6425067782535352,"[0.00038458668859675527, -0.7850003242492676, 0.0002658272860571742, -2.356044054031372, -0.0003221477090846747, 1.5709866285324097, 0.7858834862709045]",
1.1834733486175537,0.3070680499076843,0.0001132368779508397,0.4403901994228363,0.9999999664220526,4.268355818108321e-05,-2.527868828686783e-05,0.0002543521097229549,0.27210217338718484,"[0.0003899291914422065, -0.7849979400634766, 0.0002685310028027743, -2.3560478687286377, -0.0003237974306102842, 1.5709866285324097, 0.7858836650848389]",
1.28989839553833,0.3070666491985321,0.00011360098869772628,0.44038623571395874,0.999999965597492,4.666575906430693e-05,-3.15898585908559e-05,0.000256182361951097,0.27210217338718484,"[0.0003906732890754938, -0.7850019931793213, 0.00026606692699715495, -2.356046676635742, -0.0003215348697267473, 1.5709837675094604, 0.7858843207359314]",
1.3376765251159668,0.3070669174194336,0.0001148037554230541,0.4403875172138214,0.9999999654154281,4.9213213820149884e-05,-2.9094901741922095e-05,0.0002567112948753843,0.27210217338718484,"[0.00039059246773831546, -0.7849996089935303, 0.0002658100565895438, -2.3560478687286377, -0.0003225869731977582, 1.570987343788147, 0.7858806848526001]",
1.4413666725158691,0.30706679821014404,0.00011577997065614909,0.44038888812065125,0.9999999655061872,4.9127221096649777e-05,-2.9245963360434704e-05,0.0002563568102731418,0.027710044967344177,"[0.00038751811371184886, -0.7849985957145691, 0.00026434430037625134, -2.356045722961426, -0.0003224817628506571, 1.570986032485962, 0.7858870029449463]",
1.481766700744629,0.3070680797100067,0.00011322466161800548,0.44038861989974976,0.9999999660198299,4.363205932170851e-05,-2.811571245575378e-05,0.00025547228686158524,0.027710044967344177,"[0.0003864672326017171, -0.7850000858306885, 0.0002680487232282758, -2.3560478687286377, -0.0003248451685067266, 1.570987343788147, 0.7858819961547852]",
1.582080602645874,0.3070659041404724,0.00011264072236372158,0.4403873085975647,0.9999999655237148,4.344965830939421e-05,-3.042011195219642e-05,0.00025717564647932217,0.027710044967344177,"[0.0003878329007420689, -0.7849978804588318, 0.0002658355515450239, -2.356044292449951, -0.0003241315425839275, 1.5709900856018066, 0.7858834862709045]",
1.6177175045013428,0.3070661425590515,0.00011474164784885943,0.44038692116737366,0.9999999656597296,4.926273400191292e-05,-3.1332920877131654e-05,0.00025548379733358856,0.027710044967344177,"[0.00038412248250097036, -0.7849981188774109, 0.0002689081011340022, -2.3560478687286377, -0.00032597986864857376, 1.5709892511367798, 0.7858806848526001]",
1.7213938236236572,0.3070668578147888,0.00011278221063548699,0.4403875768184662,0.9999999654701974,4.531907018851356e-05,-3.016429927931427e-05,0.0002570912308123996,0.003923876857858396,"[0.00038795641739852726, -0.7849981188774109, 0.00026611718931235373, -2.356046438217163, -0.0003232265589758754, 1.5709859132766724, 0.7858827710151672]",
1.830049753189087,0.3070693016052246,0.00011669402738334611,0.44038447737693787,0.9999999619231327,4.621697416929832e-05,-3.554625326803741e-05,0.00026972984353344304,0.003923876857858396,"[0.000444931210950017, -0.7849544882774353, 0.00036425466532818973, -2.3560335636138916, -0.0003896336129400879, 1.5709863901138306, 0.7859191298484802]",
1.8670461177825928,0.3071337044239044,0.0002553953090682626,0.4404228627681732,0.9999997401315055,0.0003188142501203193,7.610720611903351e-06,0.000646557400654127,0.003923876857858396,"[0.006016820203512907, -0.7826706767082214, 0.005859613884240389, -2.3513591289520264, -0.00578952394425869, 1.574403166770935, 0.7892252206802368]",
1.9709997177124023,0.3099643290042877,0.002862820401787758,0.4430307447910309,0.9999621433547695,0.003943047959583216,0.004314005016548725,0.006446207477369786,0.003690312502848785,"[0.00928329024463892, -0.7801728844642639, 0.00976858101785183, -2.3469016551971436, -0.008857152424752712, 1.5782233476638794, 0.7928212285041809]",
2.011049270629883,0.3124624788761139,0.004346594680100679,0.4449208080768585,0.9999154116262278,0.004716319635653936,0.007767638907527005,0.009305359060687227,0.003690312502848785,"[0.01750938594341278, -0.7676560878753662, 0.01938309706747532, -2.333942413330078, -0.01650763489305973, 1.5945247411727905, 0.8090973496437073]",
2.111011028289795,0.3208600580692291,0.00825560837984085,0.4482048451900482,0.9997334477772555,0.0034847455779330166,0.016251713401240136,0.016024099200356412,0.003690312502848785,"[0.0265648253262043, -0.7428796887397766, 0.029859403148293495, -2.319812536239624, -0.024918705224990845, 1.618283748626709, 0.833851158618927]",
2.2200942039489746,0.33244308829307556,0.013150454498827457,0.44864097237586975,0.9994832532391281,-6.808898468663399e-05,0.022583894997998767,0.022873336991760813,0.003690312502848785,"[0.029225874692201614, -0.7337698340415955, 0.03292008116841316, -2.3155927658081055, -0.027281932532787323, 1.625275731086731, 0.8411197066307068]",
2.2509942054748535,0.33596178889274597,0.014615647494792938,0.4480516016483307,0.9994186634634605,-0.0010696231804096046,0.02338386993643874,0.02478680402871703,0.0036716277022648025,"[0.037686679512262344, -0.6983311176300049, 0.04271844029426575, -2.3024275302886963, -0.035184264183044434, 1.6478359699249268, 0.8651756048202515]",
2.3530380725860596,0.34798985719680786,0.019829165190458298,0.4441503584384918,0.9992330188876947,-0.003978377336265192,0.02374510436308959,0.03088230070996047,0.0036716277022648025,"[0.04017561301589012, -0.6869199275970459, 0.04566042497754097, -2.2985332012176514, -0.037477556616067886, 1.6543147563934326, 0.8722308278083801]",
2.383044719696045,0.35159650444984436,0.021459899842739105,0.4426267743110657,0.9991800347155365,-0.004733724812327281,0.023490107859349272,0.0326353322032539,0.0036716277022648025,"[0.048703573644161224, -0.6454630494117737, 0.05566655099391937, -2.2849955558776855, -0.04545879736542702, 1.6772396564483643, 0.8967097997665405]",
2.487018585205078,0.36415836215019226,0.027413243427872658,0.4365892708301544,0.998987625066708,-0.007172169082833443,0.022133324097111662,0.03850195993242078,0.003634257272961632,"[0.05279632285237312, -0.6262843012809753, 0.0603158213198185, -2.278799295425415, -0.04921171814203262, 1.6880515813827515, 0.9079416990280151]",
2.535158395767212,0.369899183511734,0.030336052179336548,0.4336566627025604,0.9988884589165967,-0.008099322828431035,0.02157771532033689,0.041117512260618785,0.003634257272961632,"[0.06113280728459358, -0.5863462090492249, 0.0699540302157402, -2.265702486038208, -0.056893862783908844, 1.71001136302948, 0.9313910007476807]",
2.635014533996582,0.3816833198070526,0.036816295236349106,0.42724183201789856,0.9986644071877562,-0.009821594454487742,0.02068835209332154,0.046313391004785105,0.003634257272961632,"[0.06463895738124847, -0.5695537328720093, 0.07404372841119766, -2.260188102722168, -0.06012635678052902, 1.7193412780761719, 0.9413525462150574]",
2.677088499069214,0.38659414649009705,0.03963300213217735,0.42424219846725464,0.9985668878788506,-0.010472052770487624,0.020296706539495137,0.048399899239242546,0.003634257272961632,"[0.07320661097764969, -0.5279045104980469, 0.08410362899303436, -2.2467164993286133, -0.06812884658575058, 1.7424328327178955, 0.9658033847808838]",
2.7810909748077393,0.3984830379486084,0.04704730212688446,0.41670385003089905,0.9983194368570493,-0.011753612696592943,0.019502138317747348,0.05328997263123838,0.0035875446504002716,"[0.0767124593257904, -0.5111581683158875, 0.08817358314990997, -2.2412710189819336, -0.07140593975782394, 1.7515333890914917, 0.975656270980835]",
2.823033332824707,0.4031953811645508,0.05014704540371895,0.41355422139167786,0.9982188572777619,-0.012265964140018296,0.0192313570035617,0.055125438833597384,0.0035875446504002716,"[0.08508926630020142, -0.4710981845855713, 0.09779195487499237, -2.228379487991333, -0.07904921472072601, 1.7736743688583374, 0.9991356730461121]",
2.9231059551239014,0.4141981899738312,0.05795786902308464,0.4053560495376587,0.9979844225487315,-0.013036641058405069,0.018491891692481454,0.059289023281066895,0.0035875446504002716,"[0.08801709860563278, -0.4566153585910797, 0.10123997926712036, -2.223597526550293, -0.08182240277528763, 1.7817275524139404, 1.0076664686203003]",
2.9590296745300293,0.41812825202941895,0.06085861101746559,0.4024598300457001,0.9978998603970101,-0.013325384133228858,0.018441825655336506,0.06064818071325774,0.003550174221097101,"[0.0963318794965744, -0.4167369306087494, 0.11098209768533707, -2.2104437351226807, -0.08955755829811096, 1.8038866519927979, 1.0310810804367065]",
3.0590693950653076,0.42865875363349915,0.06929236650466919,0.39369621872901917,0.9976750147567757,-0.013666249407460886,0.017929903126579685,0.06431420629279534,0.003550174221097101,"[0.10460807383060455, -0.3765869736671448, 0.12054668366909027, -2.1975276470184326, -0.09731294214725494, 1.8258883953094482, 1.0546214580535889]",
3.1590397357940674,0.43882444500923157,0.07804842293262482,0.3845027983188629,0.9974645635521648,-0.013961936156512672,0.01754760548142222,0.06753954647700328,0.003550174221097101,"[0.10768288373947144, -0.36232131719589233, 0.1240721344947815, -2.192861318588257, -0.10004106163978577, 1.8337644338607788, 1.0630600452423096]",
3.1950926780700684,0.44237804412841797,0.08134379982948303,0.3810456693172455,0.9973938335950634,-0.013923567150147139,0.017459602315451947,0.06860639380804635,0.003550174221097101,"[0.11626655608415604, -0.32065537571907043, 0.13406234979629517, -2.1794159412384033, -0.10808506608009338, 1.8568531274795532, 1.0875552892684937]",
3.2990071773529053,0.4524194896221161,0.09117235243320465,0.370537132024765,0.9972059383881624,-0.013885273896257027,0.017027127896507854,0.07139742661893726,0.00351280379179393,"[0.12065229564905167, -0.2998063564300537, 0.1392112374305725, -2.172584295272827, -0.11202447861433029, 1.868224024772644, 1.09983229637146]",
3.3510820865631104,0.4571298360824585,0.09616665542125702,0.3654014468193054,0.9971256212100841,-0.013715955083428065,0.01693811862925947,0.07256354621884446,0.00351280379179393,"[0.12859131395816803, -0.2615172863006592, 0.14839574694633484, -2.160033941268921, -0.1193871796131134, 1.889488697052002, 1.1223931312561035]",
3.447047710418701,0.4656403362751007,0.10577178001403809,0.3551558554172516,0.9969998431252507,-0.013371445650989335,0.016629970448659645,0.07440404110197939,0.00351280379179393,"[0.13684064149856567, -0.22139330208301544, 0.1579725593328476, -2.1471028327941895, -0.1271108090877533, 1.9115105867385864, 1.1458665132522583]",
3.5470187664031982,0.4739421010017395,0.11595593392848969,0.3441635072231293,0.9968949318453213,-0.012938674417380374,0.016346230286944718,0.07593343348512234,0.00351280379179393,"[0.1455562263727188, -0.1798856109380722, 0.16812323033809662, -2.133500814437866, -0.13517825305461884, 1.9346312284469604, 1.1704299449920654]",
3.651050567626953,0.48214131593704224,0.12731364369392395,0.3320266306400299,0.9968214192781253,-0.012149788229380974,0.016045638761738628,0.07708422790073818,0.0034941189912099475,"[0.15121865272521973, -0.15265874564647675, 0.17471781373023987, -2.124796152114868, -0.14043733477592468, 1.9495456218719482, 1.1862952709197998]",
3.7190356254577637,0.4870295226573944,0.13480931520462036,0.3238445222377777,0.9967933555578623,-0.011623867442865563,0.01568104044515315,0.07760152699480488,0.0034941189912099475,"[0.15878228843212128, -0.11585932224988937, 0.18347030878067017, -2.1127991676330566, -0.14747931063175201, 1.9699252843856812, 1.2080445289611816]",
3.81103515625,0.49336719512939453,0.14508505165576935,0.31260550022125244,0.9967847614472846,-0.011013742857076552,0.015344415560610017,0.07786774509295567,0.0034941189912099475,"[0.1671493500471115, -0.0758715346455574, 0.1931857466697693, -2.099757671356201, -0.15512534976005554, 1.9919724464416504, 1.2314858436584473]",
3.9110679626464844,0.49955126643180847,0.15676866471767426,0.29984477162361145,0.9968130807735104,-0.010099758674293044,0.01475678038703754,0.07774261576608366,0.0034941189912099475,"[0.17583556473255157, -0.03432690352201462, 0.20331837236881256, -2.086229085922241, -0.16305965185165405, 2.0151288509368896, 1.2560337781906128]",
4.015038728713989,0.5053786039352417,0.16916094720363617,0.2863796353340149,0.9968797208733418,-0.009154491011120097,0.01420684262162466,0.07710501299228353,0.003456748561906777,"[0.18138425052165985, -0.007076422218233347, 0.20977430045604706, -2.0772178173065186, -0.16834427416324615, 2.0300092697143555, 1.2719202041625977]",
4.083139181137085,0.5087702870368958,0.17724405229091644,0.2772018015384674,0.9969383077658192,-0.008645558682337224,0.013598320163201703,0.07651372761037273,0.003456748561906777,"[0.18939757347106934, 0.0314534530043602, 0.21901439130306244, -2.0648839473724365, -0.17580975592136383, 2.051290273666382, 1.294572353363037]",
4.178997278213501,0.51302170753479,0.18907706439495087,0.2640402019023895,0.9970512947459209,-0.007715767741897027,0.012756605058096775,0.07527583676737147,0.003456748561906777,"[0.1978009045124054, 0.07130172848701477, 0.22879117727279663, -2.051680088043213, -0.18344886600971222, 2.073451280593872, 1.3181078433990479]",
4.27907919883728,0.5167350769042969,0.20174041390419006,0.2501070201396942,0.9972025718118382,-0.006731715595013094,0.011803120937869982,0.0735010279732847,0.003456748561906777,"[0.2062969207763672, 0.11306113749742508, 0.23875828087329865, -2.0383057594299316, -0.19150032103061676, 2.096472978591919, 1.3425217866897583]",
4.383159875869751,0.519875168800354,0.21479323506355286,0.23520712554454803,0.9973827537167609,-0.006027116021035323,0.010455986245313487,0.07128806921552779,0.003438063554288993,"[0.21198466420173645, 0.14012479782104492, 0.24531054496765137, -2.0294089317321777, -0.19667468965053558, 2.111402988433838, 1.358594536781311]",
4.451070070266724,0.5215237736701965,0.22356995940208435,0.22536686062812805,0.9975193785009389,-0.005532968942205109,0.00955975517191073,0.06952040600311969,0.003438063554288993,"[0.21965408325195312, 0.17699632048606873, 0.2541838586330414, -2.017571449279785, -0.20375239849090576, 2.1317927837371826, 1.3801581859588623]",
4.54315185546875,0.5230172276496887,0.23548662662506104,0.21162863075733185,0.9977105379491006,-0.004894051866137784,0.00792939288118047,0.06698399398500854,0.003438063554288993,"[0.22793874144554138, 0.21692092716693878, 0.2639212906360626, -2.004490852355957, -0.2115561068058014, 2.153945207595825, 1.4036864042282104]",
4.6431567668914795,0.5241143107414246,0.2485935539007187,0.19678625464439392,0.9979386412675338,-0.004333279685977994,0.006276776162260107,0.06372042869661718,0.003438063554288993,"[0.23652996122837067, 0.2586389183998108, 0.27386564016342163, -1.9910316467285156, -0.2195989340543747, 2.1769163608551025, 1.4281268119812012]",
4.747040033340454,0.5242559909820557,0.26210498809814453,0.18077720701694489,0.998175315553203,-0.00401126110932759,0.003866631868096138,0.060124856445342066,0.003419378339637408,"[0.24288073182106018, 0.2888984978199005, 0.2812192440032959, -1.9810816049575806, -0.22543483972549438, 2.193734645843506, 1.4460628032684326]",
4.823160648345947,0.5239222049713135,0.2722329795360565,0.1692039966583252,0.9983604431943568,-0.003805937706614695,0.0022449498451684456,0.05706926057987368,0.003419378339637408,"[0.25123894214630127, 0.3290085792541504, 0.29095035791397095, -1.9681544303894043, -0.23310014605522156, 2.2158102989196777, 1.469590663909912]",
4.922989130020142,0.522620439529419,0.2853999137878418,0.15376222133636475,0.99859158424718,-0.003651166629894489,-0.00045497820204910995,0.05292740167232504,0.003419378339637408,"[0.2595230042934418, 0.3689303994178772, 0.30056846141815186, -1.955113410949707, -0.24074381589889526, 2.2379612922668457, 1.4930919408798218]",
5.023043632507324,0.5206885933876038,0.2986958622932434,0.13800527155399323,0.9988180868829155,-0.003923700432655661,-0.0033354919369925867,0.04833123611088218,0.003419378339637408,"[0.26814988255500793, 0.4105859100818634, 0.31053370237350464, -1.9415544271469116, -0.24879002571105957, 2.2607710361480713, 1.5176388025283813]",
5.127124309539795,0.5177334547042847,0.3123648166656494,0.1215258315205574,0.9990255030795063,-0.004329334355133863,-0.006760989609226342,0.04340034654567419,0.003391350724693831,"[0.2747868299484253, 0.44255614280700684, 0.3182717263698578, -1.9310771226882935, -0.25505390763282776, 2.278618812561035, 1.5363940000534058]",
5.207050800323486,0.5148581266403198,0.3230004608631134,0.10889042168855667,0.9991713892441186,-0.0047021313164514284,-0.009534496203441045,0.03928763494036486,0.003391350724693831,"[0.2831638753414154, 0.48250439763069153, 0.3280419409275055, -1.9180701971054077, -0.2627118229866028, 2.3005757331848145, 1.5598565340042114]",
5.306973218917847,0.5106489658355713,0.3361336588859558,0.09315785765647888,0.9993210608691433,-0.005615542272029615,-0.013248761502266317,0.03391685874336335,0.003391350724693831,"[0.2923319935798645, 0.5241840481758118, 0.33869025111198425, -1.9036237001419067, -0.27134570479393005, 2.3253438472747803, 1.586258888244629]",
5.419051647186279,0.5061789155006409,0.35086172819137573,0.0779631957411766,0.9994863257186931,-0.007132496131769392,-0.015738164324741774,0.026991153809431564,0.0033820081173680386,"[0.2951327860355377, 0.5352025032043457, 0.34193363785743713, -1.899082899093628, -0.2739375829696655, 2.3329732418060303, 1.5943094491958618]",
5.453038454055786,0.5051583647727966,0.3555488586425781,0.07451760023832321,0.9995478654574305,-0.007660611917199531,-0.015660752970462825,0.024497357019620265,0.0033820081173680386,"[0.3036305010318756, 0.5617663860321045, 0.3518102467060089, -1.8861374855041504, -0.2815895080566406, 2.3550686836242676, 1.6176936626434326]",
5.553003549575806,0.5028616189956665,0.36981332302093506,0.06770819425582886,0.9997427632010661,-0.008946995080427456,-0.013073547382453986,0.016230867659078663,0.0033820081173680386,"[0.3068172335624695, 0.5693448185920715, 0.35548144578933716, -1.8811140060424805, -0.28457337617874146, 2.363077402114868, 1.6259946823120117]",
5.591078758239746,0.5024878978729248,0.37526217103004456,0.06667355448007584,0.9998151426044912,-0.009066361652766515,-0.011101454126247318,0.012815592901805742,0.0033820081173680386,"[0.31530097126960754, 0.5826267004013062, 0.36537033319473267, -1.8674867153167725, -0.2926332652568817, 2.380423069000244, 1.643207311630249]",
5.695026397705078,0.5021131038665771,0.3893924057483673,0.06754863262176514,0.9999572566282062,-0.006603259286376308,-0.004726665490589101,0.004420465668763436,0.003372665510042246,"[0.3241967260837555, 0.5875982642173767, 0.37475013732910156, -1.8579685688018799, -0.30099236965179443, 2.3879997730255127, 1.650496006011963]",
5.815159559249878,0.5001021027565002,0.39933034777641296,0.06970398128032684,0.9999997143720094,-0.000284125202306222,-0.0005405036301954123,0.0004454038557267341,0.003372665510042246,"[0.3247072696685791, 0.5877571702003479, 0.37515372037887573, -1.85755455493927, -0.3017510175704956, 2.388199806213379, 1.6508160829544067]",
5.855088710784912,0.500283420085907,0.3991624116897583,0.0696738138794899,0.9999996810978273,-0.00042463463298136845,-0.0004598835600854581,0.0004959806278857132,0.003372665510042246,"[0.3256361782550812, 0.5893941521644592, 0.3743159770965576, -1.857056975364685, -0.30245891213417053, 2.3860151767730713, 1.652599811553955]",
5.959131717681885,0.49879762530326843,0.3991665840148926,0.06787238270044327,0.9999937710102719,-0.0008563301699181846,-0.002319883877662626,0.0025184872623212865,0.003363322902716453,"[0.3285272419452667, 0.592377245426178, 0.3740110397338867, -1.8555957078933716, -0.303104430437088, 2.382969856262207, 1.6552313566207886]",
5.99908185005188,0.4969857335090637,0.40024590492248535,0.06616270542144775,0.9999836379603697,-0.00046823773338808424,-0.004079818713259457,0.003982416883819421,0.003363322902716453,"[0.3382786214351654, 0.602920651435852, 0.3732772171497345, -1.845860242843628, -0.30459392070770264, 2.3750953674316406, 1.6618343591690063]",
6.0990989208221436,0.4945910573005676,0.4049515724182129,0.06360624730587006,0.9999619304069775,0.00023542750713458717,-0.006546511914782517,0.005764155826298388,0.003363322902716453,"[0.34287703037261963, 0.6077243685722351, 0.37315136194229126, -1.838535189628601, -0.30524811148643494, 2.371635913848877, 1.6647809743881226]",
6.143018007278442,0.49452677369117737,0.4079320430755615,0.06355343759059906,0.9999620326261157,0.0004593001102554025,-0.006597517134893416,0.00567407413686387,0.003363322902716453,"[0.3540284037590027, 0.6195685863494873, 0.3730843961238861, -1.814165472984314, -0.3067482113838196, 2.3633127212524414, 1.6716949939727783]",
6.24707818031311,0.4970442056655884,0.41665515303611755,0.06586690247058868,0.9999846326326928,0.000447019672505197,-0.004291558790881941,0.0034809761583834346,0.0033539805024244617,"[0.3651301860809326, 0.631187379360199, 0.3729177415370941, -1.7825214862823486, -0.30831074714660645, 2.3550848960876465, 1.678619146347046]",
6.352081775665283,0.5025140047073364,0.4263858199119568,0.07091881334781647,0.9999994408348107,-0.000652649517312408,0.0006091813765749604,-0.0005668127767572777,0.0033539805024244617,"[0.3697313070297241, 0.6362608075141907, 0.3724534809589386, -1.7678717374801636, -0.3090757727622986, 2.351184844970703, 1.6816675662994385]",
6.399167060852051,0.5051309466362,0.43027836084365845,0.07313312590122223,0.9999926472478112,-0.001457914089775193,0.002774345041154577,-0.002209738992318493,0.0033539805024244617,"[0.37995338439941406, 0.6478820443153381, 0.3715950846672058, -1.739287257194519, -0.3106391727924347, 2.342846155166626, 1.6885755062103271]",
6.503040552139282,0.5082471966743469,0.43852224946022034,0.07605080306529999,0.9999703630746332,-0.002297302296009472,0.005592298084186479,-0.004766715502802946,0.0033446378950986694,"[0.3834613859653473, 0.6513450145721436, 0.3716571033000946, -1.7321285009384155, -0.3111100196838379, 2.340507984161377, 1.6906973123550415]",
6.535160064697266,0.5081990957260132,0.4409223198890686,0.07632581144571304,0.999968295392464,-0.00212725096180613,0.005785529498149664,-0.005040898894203089,0.0033446378950986694,"[0.39404964447021484, 0.6620439887046814, 0.37158283591270447, -1.7161073684692383, -0.3125475347042084, 2.3327112197875977, 1.6973189115524292]",
6.635044813156128,0.5058802366256714,0.4464474022388458,0.07449981570243835,0.9999829412296467,-0.0013962203956021711,0.0041048672650688435,-0.0039138067208151365,0.0033446378950986694,"[0.39817342162132263, 0.6664264798164368, 0.3713737428188324, -1.7121614217758179, -0.3131391406059265, 2.3294150829315186, 1.7000293731689453]",
6.676025867462158,0.5039806962013245,0.44786182045936584,0.07269594818353653,0.9999932630409566,-0.00096478190931108,0.002473650210692669,-0.002534585410475235,0.0033446378950986694,"[0.4052790105342865, 0.6733000874519348, 0.37119805812835693, -1.7090073823928833, -0.31460464000701904, 2.3229575157165527, 1.7060309648513794]",
6.781101942062378,0.500560998916626,0.44932496547698975,0.06987834721803665,0.9999998574254167,-0.0004798028879462721,-0.00018488708038464242,0.00014406631276711444,0.0033352952877728765,"[0.40557998418807983, 0.6735098958015442, 0.37107911705970764, -1.7089184522628784, -0.31503620743751526, 2.3226566314697266, 1.7064110040664673]",
6.881861686706543,0.5006920099258423,0.4491126537322998,0.06982319802045822,0.999999783603449,-0.0005800846389087111,-0.00015143138679715455,0.0002708567922992557,0.0033352952877728765,"[0.4053218960762024, 0.6734800934791565, 0.37071606516838074, -1.7091182470321655, -0.3149513602256775, 2.3225831985473633, 1.7063212394714355]",
6.924076795578003,0.5010859370231628,0.44823572039604187,0.06959819793701172,0.9999989138211415,-0.0012833127695846937,-0.00043908114233673573,0.0005767777935852253,0.0033352952877728765,"[0.3995620012283325, 0.6716719269752502, 0.364950954914093, -1.713928461074829, -0.3091575503349304, 2.318227529525757, 1.702720046043396]",
7.026970863342285,0.5034617781639099,0.4387112259864807,0.06724295020103455,0.999953537964617,-0.006746377101014172,-0.004649743024843448,0.005078208134686481,0.0033259526804470837,"[0.3968020975589752, 0.6699856519699097, 0.36236825585365295, -1.7170239686965942, -0.3069920539855957, 2.315351963043213, 1.7002450227737427]",
7.055116891860962,0.5040450096130371,0.4345669746398926,0.06653686612844467,0.9999195463690023,-0.007988673897623675,-0.006428365984798019,0.00746712724759489,0.0033259526804470837,"[0.3868664503097534, 0.6581310033798218, 0.35328924655914307, -1.732129693031311, -0.2994157671928406, 2.299407958984375, 1.6847337484359741]",
7.155062437057495,0.50491863489151,0.41976094245910645,0.06654991209506989,0.9997383025613186,-0.008582559682357601,-0.012671117576634706,0.0170032008889973,0.0033259526804470837,"[0.38309282064437866, 0.6506315469741821, 0.3498786389827728, -1.7385966777801514, -0.2964008152484894, 2.2918291091918945, 1.6761828660964966]",
7.195054054260254,0.5056359767913818,0.41405725479125977,0.06820306926965714,0.9996576603524446,-0.007823993635416573,-0.01429194914395176,0.02047162455537494,0.0033259526804470837,"[0.37273868918418884, 0.6238625645637512, 0.34042856097221375, -1.7552661895751953, -0.2884678840637207, 2.2721967697143555, 1.6517966985702515]",
7.299041986465454,0.5093495845794678,0.39922499656677246,0.07704595476388931,0.9994713727213806,-0.005879155170991976,-0.015357779822054328,0.0280454852668247,0.0033072676728293,"[0.3623182773590088, 0.5881879925727844, 0.3308708071708679, -1.772131085395813, -0.2805250287055969, 2.252415657043457, 1.627147912979126]",
7.403073787689209,0.5142238140106201,0.38521069288253784,0.0909700095653534,0.9993317466136712,-0.004118862022550492,-0.01305080477444677,0.03389353449328914,0.0033072676728293,"[0.3584738075733185, 0.5725551843643188, 0.3274233937263489, -1.7785588502883911, -0.27747464179992676, 2.2447023391723633, 1.6176987886428833]",
7.442965745925903,0.5161568522453308,0.3802947998046875,0.09718256443738937,0.9992930253447818,-0.003426883752746626,-0.011494372107372617,0.035631241556753776,0.0033072676728293,"[0.3483026325702667, 0.5313137173652649, 0.31807321310043335, -1.7954076528549194, -0.2695435583591461, 2.224949836730957, 1.593211054801941]",
7.5470709800720215,0.5209878087043762,0.36612004041671753,0.11365530639886856,0.9991430984130946,-0.002250908349733967,-0.007711152680375379,0.04060222197642045,0.0032698972435261293,"[0.34417152404785156, 0.5151629447937012, 0.3143622875213623, -1.8019402027130127, -0.26651278138160706, 2.2174885272979736, 1.5836095809936523]",
7.587170362472534,0.52278733253479,0.36063459515571594,0.12007323652505875,0.9990808094438858,-0.0019760253498385325,-0.006207663051744982,0.0423685785010892,0.0032698972435261293,"[0.3342215120792389, 0.4752577245235443, 0.3052990734577179, -1.8181157112121582, -0.2588648796081543, 2.1984803676605225, 1.5600565671920776]",
7.687150955200195,0.5262584686279297,0.3471929728984833,0.13574613630771637,0.9989035789907152,-0.0010840573811985172,-0.0029093285747358007,0.046711888276736724,0.0032698972435261293,"[0.3245968818664551, 0.4351242184638977, 0.2965473532676697, -1.8341175317764282, -0.25126171112060547, 2.1795575618743896, 1.536361575126648]",
7.787029027938843,0.5290013551712036,0.3336722254753113,0.15143756568431854,0.9987088155604773,-0.00034392005034815056,0.00018324455091306159,0.05079911280940005,0.0032698972435261293,"[0.31402960419654846, 0.39365848898887634, 0.2868463099002838, -1.851049780845642, -0.24333897233009338, 2.159837484359741, 1.5117772817611694]",
7.891096591949463,0.5312495827674866,0.3190807104110718,0.16744568943977356,0.9984862775290395,-0.0002564867341497569,0.0030122213565464766,0.05491825127638796,0.003241869628582553,"[0.30775853991508484, 0.3679753243923187, 0.28115975856781006, -1.8613640069961548, -0.23843729496002197, 2.1475703716278076, 1.4966164827346802]",
7.955024003982544,0.5320429801940918,0.310371458530426,0.17726844549179077,0.9983471181850379,-7.748078370609787e-07,0.004611228254398534,0.057286719098022056,0.003241869628582553,"[0.2985042929649353, 0.32960957288742065, 0.27276211977005005, -1.8768842220306396, -0.23112237453460693, 2.129398822784424, 1.4740216732025146]",
8.051053285598755,0.5326693058013916,0.29724469780921936,0.1917516589164734,0.9981374761448656,9.636634416449564e-05,0.006758419738628667,0.06062914473520246,0.003241869628582553,"[0.2882733941078186, 0.2895077168941498, 0.26336026191711426, -1.8931472301483154, -0.223488911986351, 2.1104347705841064, 1.4502867460250854]",
8.151010274887085,0.5328577160835266,0.28310006856918335,0.2066340297460556,0.9979174857082781,-0.0003428800581642117,0.00878273623821562,0.06390178162699481,0.003241869628582553,"[0.27817851305007935, 0.24789974093437195, 0.2542527914047241, -1.9098260402679443, -0.21558283269405365, 2.0906593799591064, 1.4256393909454346]",
8.255075454711914,0.5320164561271667,0.2690257430076599,0.22198431193828583,0.9977061638968581,-0.0004559788348312687,0.010773463633979654,0.06682914848212021,0.003213842013638976,"[0.268332839012146, 0.20804435014724731, 0.24524806439876556, -1.926032543182373, -0.20794598758220673, 2.0717318058013916, 1.4020501375198364]",
8.35498595237732,0.5305087566375732,0.2551717162132263,0.23623453080654144,0.9975086346018953,-0.0010740061824453817,0.012227498813454451,0.06946840057284978,0.003213842013638976,"[0.2639926075935364, 0.19116967916488647, 0.24124903976917267, -1.9328747987747192, -0.2047629952430725, 2.063765287399292, 1.392081379890442]",
8.397053003311157,0.5297865867614746,0.24929895997047424,0.24230048060417175,0.9974339856265897,-0.0014371175399542104,0.012934506491709687,0.07039941442972718,0.003213842013638976,"[0.25388047099113464, 0.14954321086406708, 0.23205742239952087, -1.9496568441390991, -0.19682946801185608, 2.043994665145874, 1.367440104484558]",
8.501013994216919,0.5269603729248047,0.23542743921279907,0.25665733218193054,0.9972602979161985,-0.0018492563074552775,0.014153452214448385,0.07258207934206355,0.003185814191661598,"[0.2505389153957367, 0.1360526829957962, 0.22904126346111298, -1.955175518989563, -0.19424906373023987, 2.0376858711242676, 1.359504222869873]",
8.535167455673218,0.5259063243865967,0.23080725967884064,0.2613809406757355,0.9972090319810094,-0.0021155750191734434,0.014546705803346998,0.07319879936247128,0.003185814191661598,"[0.24056442081928253, 0.09583954513072968, 0.21990899741649628, -1.9713242053985596, -0.186598002910614, 2.0186614990234375, 1.3357542753219604]",
8.635004758834839,0.5224159359931946,0.21725638210773468,0.274857759475708,0.9970702312970585,-0.0030335898027894982,0.015484933861906178,0.07484629594997373,0.003185814191661598,"[0.23652619123458862, 0.0799856036901474, 0.21617752313613892, -1.9776912927627563, -0.18352775275707245, 2.0108981132507324, 1.3263438940048218]",
8.675076723098755,0.5208563804626465,0.21190302073955536,0.28014278411865234,0.9970246256186029,-0.003394846316906337,0.015839189519488667,0.07536239781173994,0.0031577865767180215,"[0.22675307095050812, 0.03988709673285484, 0.2073633372783661, -1.9939062595367432, -0.17593197524547577, 1.9920395612716675, 1.3026254177093506]",
8.77500319480896,0.5162298083305359,0.19894558191299438,0.29314208030700684,0.9969255329195554,-0.004045187732541559,0.016612441053977703,0.07646662717484648,0.0031577865767180215,"[0.21681779623031616, -0.00011449206795077771, 0.19827130436897278, -2.0101399421691895, -0.16828617453575134, 1.9730165004730225, 1.2790707349777222]",
8.875089406967163,0.5111101865768433,0.18593664467334747,0.30578893423080444,0.9968566128093408,-0.005014690013318942,0.017250248357324232,0.07716330289696582,0.0031577865767180215,"[0.21201841533184052, -0.019337475299835205, 0.19386470317840576, -2.0177931785583496, -0.16465379297733307, 1.963985562324524, 1.267619013786316]",
8.923055648803711,0.5084698796272278,0.179774671792984,0.31171196699142456,0.9968367887697801,-0.005465002442950759,0.017584942169878888,0.07731313027121167,0.0031577865767180215,"[0.20180927217006683, -0.06084255874156952, 0.18457946181297302, -2.0346856117248535, -0.15668867528438568, 1.9442474842071533, 1.2429865598678589]",
9.027071475982666,0.5020138621330261,0.16688460111618042,0.3241266906261444,0.9968135835422197,-0.006276613459134444,0.017994582037049574,0.07745630256160484,0.0031484439693922287,"[0.19864606857299805, -0.07379016280174255, 0.18177179992198944, -2.039825916290283, -0.15427732467651367, 1.9381742477416992, 1.2354854345321655]",
9.058980464935303,0.5000197291374207,0.1630963832139969,0.3278905749320984,0.9968138909146653,-0.006455641601641491,0.018212835589845554,0.0773865892183802,0.0031484439693922287,"[0.1886671483516693, -0.11363894492387772, 0.17256154119968414, -2.0560193061828613, -0.14667005836963654, 1.919215440750122, 1.2117805480957031]",
9.159067630767822,0.49302762746810913,0.15062108635902405,0.3391929566860199,0.9968340803821005,-0.007501972492832588,0.018325262794000992,0.07700468389013539,0.0031484439693922287,"[0.184688001871109, -0.12971894443035126, 0.16891470551490784, -2.062530994415283, -0.14360325038433075, 1.9114969968795776, 1.2023662328720093]",
9.199035882949829,0.4900727868080139,0.14586567878723145,0.3437363803386688,0.9968501452075632,-0.007764168410128247,0.018510236047590684,0.07672598549397658,0.0031484439693922287,"[0.1744910031557083, -0.1713360995054245, 0.15967951714992523, -2.079334259033203, -0.13572578132152557, 1.8916962146759033, 1.177685022354126]",
9.30307650566101,0.4819951355457306,0.13381604850292206,0.3548935651779175,0.9969183587913402,-0.008417202746208934,0.01870776225623529,0.07571628777267402,0.003139101362066436,"[0.16394232213497162, -0.21381846070289612, 0.1500471532344818, -2.096320152282715, -0.1276329755783081, 1.8716678619384766, 1.152604579925537]",
9.409011602401733,0.47323885560035706,0.12169434875249863,0.36584803462028503,0.9970212623857938,-0.009207778947525561,0.01897913219689697,0.07418633094138266,0.003139101362066436,"[0.15895512700080872, -0.23379795253276825, 0.14544488489627838, -2.1045427322387695, -0.12379612028598785, 1.8622466325759888, 1.1408138275146484]",
9.458958148956299,0.4688916504383087,0.11623291671276093,0.37077292799949646,0.997082372913543,-0.009435922141256504,0.019030397824956587,0.0733181352536089,0.003139101362066436,"[0.1487497240304947, -0.2753775119781494, 0.136188805103302, -2.121264696121216, -0.11590149253606796, 1.8425939083099365, 1.1162065267562866]",
9.5631263256073,0.4594769775867462,0.10511834174394608,0.38074418902397156,0.9972273695529503,-0.009821155627490948,0.019324859976056836,0.07118755581946867,0.0031204163544486523,"[0.14400389790534973, -0.2946144938468933, 0.1319209635257721, -2.1291122436523438, -0.11223269253969193, 1.8332985639572144, 1.1047977209091187]",
9.611028671264648,0.4549960196018219,0.10021677613258362,0.3849329650402069,0.9973006580659346,-0.009943382786799819,0.01923805439065097,0.07015998733802176,0.0031204163544486523,"[0.13401728868484497, -0.33461520075798035, 0.12270233780145645, -2.1451914310455322, -0.10463064163923264, 1.8142915964126587, 1.0812441110610962]",
9.711040735244751,0.44526612758636475,0.08988048881292343,0.3940013349056244,0.9974761883003831,-0.010293311629294373,0.019658001705657065,0.06744527024470569,0.0031204163544486523,"[0.13010340929031372, -0.3506035804748535, 0.11912006139755249, -2.151677131652832, -0.10155833512544632, 1.8068654537200928, 1.0717068910598755]",
9.750979661941528,0.441224068403244,0.08602825552225113,0.3972335755825043,0.9975519965938454,-0.010185478910718129,0.019666734342290278,0.06632864894826132,0.0031110737471228595,"[0.12053284794092178, -0.3893882632255554, 0.1104784682393074, -2.1674211025238037, -0.09417995065450668, 1.7884156703948975, 1.0488295555114746]",
9.848061800003052,0.43129590153694153,0.07678886502981186,0.405200332403183,0.9977435521474399,-0.010207695973949979,0.020072102405306675,0.06325122762558147,0.0031110737471228595,"[0.11062560975551605, -0.42939653992652893, 0.10143575817346573, -2.1836283206939697, -0.0865984782576561, 1.769382119178772, 1.025109887123108]",
9.94808053970337,0.4206959307193756,0.06768198311328888,0.4126659631729126,0.9979572719827412,-0.009896761392495717,0.020311235105708158,0.05975609708796217,0.0031110737471228595,"[0.10670649260282516, -0.44489824771881104, 0.0978008359670639, -2.189815044403076, -0.08360470086336136, 1.762159824371338, 1.0159183740615845]",
9.98707914352417,0.41647347807884216,0.06424660980701447,0.41551536321640015,0.9980430828416114,-0.00981081196001217,0.02051411191651376,0.05824881091468544,0.0031110737471228595,"[0.09655661880970001, -0.48665475845336914, 0.08862118422985077, -2.206683874130249, -0.07566225528717041, 1.742323637008667, 0.9912681579589844]",
10.091163873672485,0.40494009852409363,0.05557772144675255,0.4227021634578705,0.9982710176695127,-0.009008884288515961,0.02107608030090561,0.05412590991476803,0.0030923885324712743,"[0.09211033582687378, -0.5041511058807373, 0.08458587527275085, -2.2137272357940674, -0.07229162007570267, 1.7338159084320068, 0.9808247089385986]",
10.135159015655518,0.4000415802001953,0.05195901542901993,0.42547503113746643,0.998370487386013,-0.008742388399113057,0.021278270634446404,0.052222368392302355,0.0030923885324712743,"[0.08261123299598694, -0.542637825012207, 0.07588043808937073, -2.2292604446411133, -0.06497348099946976, 1.7156873941421509, 0.9581490159034729]",
10.230978727340698,0.3890654444694519,0.04451119899749756,0.4314456284046173,0.9985786163874708,-0.007805130672223246,0.022065374428638915,0.04788471656174026,0.0030923885324712743,"[0.0726519376039505, -0.5830225944519043, 0.06676864624023438, -2.245612382888794, -0.05732167512178421, 1.6964937448501587, 0.9342829585075378]",
10.331997156143188,0.3773200511932373,0.037247076630592346,0.4371142089366913,0.9987892368288299,-0.006412109956743992,0.022924739117427494,0.04305115070685238,0.0030923885324712743,"[0.062408849596977234, -0.6242260932922363, 0.05743284896016121, -2.2623281478881836, -0.04951741173863411, 1.6769250631332397, 0.9098198413848877]",
10.435132265090942,0.36518022418022156,0.03021540865302086,0.4423188269138336,0.9989881104318594,-0.004855252687265965,0.023933674278991096,0.03776719439716131,0.0030643609175276974,"[0.051019709557294846, -0.6706448793411255, 0.0469520203769207, -2.2809700965881348, -0.04063218832015991, 1.6549235582351685, 0.8823854923248291]",
10.551040410995483,0.3513084352016449,0.023014746606349945,0.44759780168533325,0.999178695907392,-0.0025454333521109027,0.02541912397459036,0.03145349821908594,0.0030643609175276974,"[0.04661507159471512, -0.6880630254745483, 0.042996495962142944, -2.2882087230682373, -0.0372997522354126, 1.6467171907424927, 0.8719933032989502]",
10.595117330551147,0.34609389305114746,0.0204783882945776,0.4492087960243225,0.9992465431278248,-0.0015709610385168946,0.025747010983766132,0.028999475062655534,0.0030643609175276974,"[0.03630504757165909, -0.72575843334198, 0.033642444759607315, -2.3048362731933594, -0.02934867888689041, 1.6269844770431519, 0.8474496006965637]",
10.699125289916992,0.3341386318206787,0.014802398160099983,0.45144009590148926,0.9994264031348703,0.0010747058290283369,0.024814096771239337,0.023021084372904753,0.003045675702876112,"[0.03311430290341377, -0.7358998656272888, 0.030704326927661896, -2.310093879699707, -0.02690240927040577, 1.6208337545394897, 0.8398041725158691]",
10.73103666305542,0.3306071162223816,0.013161551207304,0.451376736164093,0.9994971427091677,0.0019593078080236354,0.023541388397168312,0.021152443392119587,0.003045675702876112,"[0.023293888196349144, -0.7612645030021667, 0.02172633446753025, -2.3262927532196045, -0.019305113703012466, 1.6019457578659058, 0.8163899183273315]",
10.83110523223877,0.3204762637615204,0.008428730070590973,0.4492999315261841,0.9997276421249599,0.004784160513078831,0.017104200273815963,0.01513934319733215,0.003045675702876112,"[0.019173212349414825, -0.7688062191009521, 0.017989445477724075, -2.3328864574432373, -0.016180923208594322, 1.5940985679626465, 0.8077500462532043]",
10.87201976776123,0.31677955389022827,0.0066450354643166065,0.4475058317184448,0.9998188393766928,0.005308948547543719,0.013251288216905459,0.012589950490571248,0.0030269906952583286,"[0.009003810584545135, -0.7807413339614868, 0.008764081634581089, -2.348353862762451, -0.008336522616446018, 1.5779162645339966, 0.7919610142707825]",
10.974996328353882,0.30946865677833557,0.002381575759500265,0.4424166977405548,0.9999715586310258,0.003475595748467568,0.003557996808865982,0.005669463990380744,0.0030269906952583286,"[0.001234749099239707, -0.7845967411994934, 0.0010650244075804949, -2.3554584980010986, -0.0013686767779290676, 1.5714443922042847, 0.7862933278083801]",
11.075065851211548,0.3071555495262146,0.00017997430404648185,0.4404389262199402,0.9999998494987964,0.00021002373036429003,3.7151082493759406e-05,0.0005054821604550485,0.0030269906952583286,"[0.0004545467090792954, -0.7848886251449585, 0.0002910343755502254, -2.3559703826904297, -0.0004002059868071228, 1.5709781646728516, 0.7858874797821045]",
11.119176864624023,0.3070746958255768,0.0001284665340790525,0.44038504362106323,0.9999999566495853,8.413763349676299e-05,-6.3214222787849e-05,0.0002750011791186757,0.0030269906952583286,"[0.00045276214950717986, -0.7849015593528748, 0.0003050527011509985, -2.3559813499450684, -0.00034988176776096225, 1.5709681510925293, 0.7858783006668091]",
11.234361410140991,0.3070829212665558,0.00014535649097524583,0.4403859078884125,0.9999999518391083,0.000103963810839913,-5.834572615553436e-05,0.0002865468261864361,0.0030176480879325358,"[0.00046266152639873326, -0.7848988175392151, 0.0003144025686196983, -2.355984926223755, -0.00035193341318517923, 1.5709667205810547, 0.7858783006668091]",
11.261523008346558,0.3070838749408722,0.00013853599375579506,0.4403866231441498,0.9999999545487985,9.578409190179451e-05,-5.6259772798776176e-05,0.00028029028989151687,0.0030176480879325358,"[0.0004622344858944416, -0.7848994731903076, 0.00030663376674056053, -2.355980634689331, -0.00034810195211321115, 1.570968508720398, 0.7858794927597046]",
11.357736587524414,0.3070858418941498,0.00013940643111709505,0.44038429856300354,0.9999999541551506,9.32605313490398e-05,-5.758617447557714e-05,0.00028226937914943974,0.0030176480879325358,"[0.0004609602619893849, -0.7848973274230957, 0.00030702707590535283, -2.3559796810150146, -0.00034823769237846136, 1.5709701776504517, 0.7858822345733643]",
11.458273649215698,0.3070862889289856,0.0001411383127560839,0.4403875172138214,0.9999999533148666,9.972214216945736e-05,-5.3761377891844684e-05,0.00028378772558298874,0.0030176480879325358,"[0.00045270685222931206, -0.7848973274230957, 0.00030321002122946084, -2.355978488922119, -0.00035325592034496367, 1.5709733963012695, 0.7858753800392151]",
11.509672403335571,0.3070853352546692,0.00013887358363717794,0.44038674235343933,0.9999999547939211,9.514527009259985e-05,-5.427076597693108e-05,0.0002800253869222771,0.0030176480879325358,"[0.0004573652404360473, -0.7848955988883972, 0.000303483015159145, -2.3559768199920654, -0.00034920457983389497, 1.5709733963012695, 0.7858786582946777]",
11.610304355621338,0.30708566308021545,0.00013897402095608413,0.4403863251209259,0.9999999540359368,9.37981300438748e-05,-5.485134919296339e-05,0.0002830571760663903,0.0030176480879325358,"[0.00045657879672944546, -0.7848955988883972, 0.00030526553746312857, -2.355973482131958, -0.00035424946690909564, 1.5709738731384277, 0.7858818173408508]",
11.649556875228882,0.3070860803127289,0.0001403053174726665,0.44038906693458557,0.9999999537612487,9.733868755123873e-05,-5.062651863985366e-05,0.0002836188216479609,0.0030176480879325358,"[0.00046125115477479994, -0.7848992943763733, 0.00030525666079483926, -2.355976104736328, -0.00035047298297286034, 1.5709723234176636, 0.7858807444572449]",
11.750225067138672,0.3070869445800781,0.00014195646508596838,0.4403907060623169,0.99999995362916,9.863476847718581e-05,-4.8137486130435586e-05,0.0002840697854140681,0.0029802778656631665,"[0.0004607824666891247, -0.7849034070968628, 0.00030904888990335166, -2.3559765815734863, -0.00035309293889440596, 1.5709766149520874, 0.7858822345733643]",
11.866367101669312,0.3070859909057617,0.00013988192949909717,0.4403872489929199,0.9999999529200165,9.578205083869543e-05,-5.412426445946517e-05,0.00028645475653901287,0.0029802778656631665,"[0.00045704972581006587, -0.7848994731903076, 0.0003039563598576933, -2.3559768199920654, -0.00035366378142498434, 1.5709730386734009, 0.785879909992218]",
11.902942419052124,0.3070882260799408,0.00014035488129593432,0.44038939476013184,0.9999999538014835,9.666763686928833e-05,-4.954622440390412e-05,0.00028389711245575155,0.0029802778656631665,"[0.0004594987549353391, -0.7849010825157166, 0.0003037196001969278, -2.3559772968292236, -0.0003536116855684668, 1.5709749460220337, 0.7858780026435852]",
12.006483793258667,0.3070873022079468,0.00014072310295887291,0.4403879940509796,0.9999999530709336,9.666985596539322e-05,-5.2569197596134615e-05,0.0002859187805015361,0.2523519834858445,"[0.0004577862564474344, -0.7848992943763733, 0.0003073193656746298, -2.355977773666382, -0.0003534538554958999, 1.5709742307662964, 0.785882830619812]",
12.053846597671509,0.30708715319633484,0.0001389583048876375,0.44038891792297363,0.9999999531249061,9.819272851793937e-05,-4.912885904222165e-05,0.0002858228979586408,0.2523519834858445,"[0.00045878844684921205, -0.7848973274230957, 0.0003074562409892678, -2.3559765815734863, -0.00035198821569792926, 1.5709717273712158, 0.7858827710151672]",
12.149746656417847,0.30708709359169006,0.00014132521755527705,0.4403893053531647,0.9999999525745387,9.920724074363564e-05,-5.134687481177289e-05,0.00028700582285439406,0.2523519834858445,"[0.0004594987549353391, -0.7848995327949524, 0.0003091161488555372, -2.355975389480591, -0.0003568074607755989, 1.5709738731384277, 0.7858816981315613]",
12.250233888626099,0.30708688497543335,0.00014181721780914813,0.44038888812065125,0.9999999530580054,9.921958809190586e-05,-5.1746004791654645e-05,0.00028523991917719005,0.2523519834858445,"[0.00045991677325218916, -0.7848992943763733, 0.00030986432102508843, -2.355973720550537, -0.00035260349977761507, 1.5709718465805054, 0.7858842015266418]",
12.353857517242432,0.3070873022079468,0.0001421019114786759,0.440390408039093,0.9999999529532998,9.984675018786467e-05,-4.8254296148614315e-05,0.0002859992088942732,0.7876155175736386,"[0.0004597413062583655, -0.7849014401435852, 0.00031096217571757734, -2.355975866317749, -0.00035285454941913486, 1.570974588394165, 0.7858780026435852]",
12.433648109436035,0.3070862293243408,0.00014069066673982888,0.4403868615627289,0.999999952920896,9.57600556178274e-05,-5.3713636669362825e-05,0.00028653632001463946,0.7876155175736386,"[0.00045791888260282576, -0.7848992943763733, 0.00030349165899679065, -2.355975389480591, -0.00035437417682260275, 1.5709747076034546, 0.7858772873878479]",
12.533870697021484,0.30708757042884827,0.00013793613470625132,0.44039082527160645,0.9999999537430554,9.286788423962156e-05,-4.88014646068802e-05,0.0002854958147731914,0.7876155175736386,"[0.0004599957028403878, -0.7849010229110718, 0.00030915424576960504, -2.3559741973876953, -0.0003528540546540171, 1.570974588394165, 0.7858834862709045]",
12.63743543624878,0.30708569288253784,0.00014140871644485742,0.4403884708881378,0.9999999521350775,9.998547715772316e-05,-5.3044252123625047e-05,0.00028795668841382786,0.9672356322119314,"[0.0004616471996996552, -0.7849010229110718, 0.00030526306363753974, -2.3559775352478027, -0.0003519882739055902, 1.5709738731384277, 0.7858866453170776]",
12.669689178466797,0.3070867657661438,0.00014115120575297624,0.4403897523880005,0.9999999530842839,9.78359373651551e-05,-5.066139954972287e-05,0.00028581984204497377,0.9672356322119314,"[0.00046165354433469474, -0.7849010229110718, 0.0003080564201809466, -2.3559751510620117, -0.00035285696503706276, 1.5709753036499023, 0.7858842611312866]",
12.770235776901245,0.30708763003349304,0.0001411557459505275,0.4403907060623169,0.9999999538441942,9.592647869305895e-05,-4.730679364339243e-05,0.00028437965392411605,0.9672356322119314,"[0.00045973382657393813, -0.7849000096321106, 0.00030526553746312857, -2.3559794425964355, -0.0003521065809763968, 1.570974588394165, 0.7858874201774597]",
12.817623376846313,0.3070877194404602,0.0001393041602568701,0.4403890073299408,0.9999999530805347,9.638749786721661e-05,-5.118111759763558e-05,0.0002862321996187471,0.9672356322119314,"[0.0004594990750774741, -0.7849010229110718, 0.000308055488858372, -2.355977773666382, -0.00035285408375784755, 1.5709741115570068, 0.7858795523643494]",
